problem,algorithm,per_seed,mean,sd,step_range
DTLZ2_3,DQN,0.0512 0.0584 0.0549,0.0548,0.0036,0-395936
DTLZ2_3,PPO,0.0396 0.0386 0.0416,0.0399,0.0016,0-395936
DTLZ2_3,MA-DAC,0.0406 0.0426 0.0408,0.0413,0.0011,0-395936
WFG4_3,DQN,0.0612 0.0675 0.0644,0.0644,0.0031,0-395936
WFG4_3,PPO,0.0537 0.0523 0.0576,0.0545,0.0027,0-395936
WFG4_3,MA-DAC,0.0554 0.0578 0.0572,0.0568,0.0013,0-395936
WFG6_3,DQN,0.0679 0.0679 0.0684,0.0681,0.0003,0-395936
WFG6_3,PPO,0.0592 0.0540 0.0595,0.0576,0.0031,0-395936
WFG6_3,MA-DAC,0.0667 0.0631 0.0687,0.0662,0.0028,0-395936
